"Lon";"Lat"
7423880,62646887;5547947,39256926
7430823,44930275;5549040,65886382
7425815,61440111;5547329,35724716
7423685,10924153;5548121,378128
7423866,97580906;5547753,02654274
7429003,45067807;5551706,25015305
7424100,52570744;5544890,70530782
7424277,51674239;5547858,66300408
7424167,70483896;5546064,53887607
7423839,21507302;5546522,87086218
7420436,29077758;5549647,93526163
7428272,6924329;5543484,19984954
7423929,11360659;5547502,78412631
7424550,25886961;5546477,26042524
7429008,05566428;5542159,21241221
7423072,72818266;5547180,26094405
7422778,56689174;5546836,53546578
7425955,76709004;5546396,24201615
7429155,67888871;5549856,64812222
7424530,99046394;5545774,5528061
7423124,92982636;5546077,9842733
7424676,10551932;5546862,37247449
7421475,87841435;5550325,24840866
7431048,46715738;5549982,87528081
7422833,20209381;5549808,34547254
7420842,00835019;5550578,55098257
7423986,34624271;5545876,72545503
7423665,29431677;5547977,27002937
7424077,49629918;5548326,92954521
7426209,72449552;5549971,61519298
7425933,15369136;5547231,23727713
7423715,1300415;5548190,03836335
7429606,72383793;5547822,38138586
7430288,5048903;5550134,9904295
7424182,9779934;5545345,76229155
7423692,01030816;5548516,80499576
7424835,7389033;5548455,90970019
7424083,33822059;5547527,58164209
7424084,67022215;5548479,22770256
7424963,79644941;5548261,69128658
7420803,17605772;5549902,8440966
7424611,84023202;5548014,03963077
7422393,3159539;5551549,7773929
7431276,63724828;5549722,48536787
7429040,97482394;5549662,71959826
7432510,8583687;5550962,78364707
7423568,91501452;5546201,99913546
7429681,98506966;5551120,52440081
7423925,93548627;5547549,63498691
7428866,35471665;5543057,29521989
7424020,85538;5550408,13536002
7421463,9257914;5549347,2913517
7424085,13611693;5547528,11233447
7423817,67712542;5547996,87870382
7425971,67633442;5549832,14058343
7424458,15604258;5546931,0343037
7424433,70718382;5546439,5702135
7424455,08385077;5551383,57911673
7426552,13033034;5550350,75792642
7424043,80896484;5548608,98967128
7422930,33114808;5547218,47792613
7424519,85161777;5546788,80501418
7424550,25886961;5546477,26042524
7431401,1056399;5544940,8246664
7421721,81392059;5550700,23490822
7422214,20194559;5548922,37069521
7428250,35375878;5545145,88344161
7425190,53145622;5547069,04415486
7421224,72116937;5547547,38392892
7423913,11746787;5546324,70692579
7427644,61975312;5548546,70403117
7421411,53983116;5547975,46381101
7423685,09527766;5548384,18861095
7419828,74597305;5549804,75191657
7425706,8755189;5546022,26607938
7426566,10601636;5542136,67056077
7424835,73961918;5548455,90969013
7423702,16742459;5547956,25339779
7424347,65606481;5543729,48340067
7423951,81482993;5544485,50350422
7424411,50092625;5546967,32010639
7424949,65262237;5548746,71453724
7421728,26504004;5550419,40008767
7430794,58101224;5549461,93066502
7424402,14521278;5546705,97943535
7423854,0720787;5547912,10665789
7424631,05101249;5546636,83196979
7429461,94903454;5547902,60115721
7427089,57694383;5549376,36715309
7426253,85328079;5544613,3425872
7427051,07902788;5551555,52664928
7429874,43434465;5550892,27920858
7423235,42753062;5547258,68532817
7425798,55596842;5546960,65034426
7423806,1722706;5546912,80043121
7424541,72032981;5546802,44503391
7429681,98506966;5551120,52440081
7424012,1605684;5547528,34959371
7424447,07156971;5547908,10378976
7429136,96330367;5552538,4127066
7431560,5386701;5549597,76931613
7424280,26429364;5548002,12903986
7423566,27632384;5547989,39086153
7426046,34974297;5545987,72511972
7426655,33176257;5542110,81496776
7424084,17461315;5545541,48142904
7429578,29991674;5549330,58434116
7429090,43308899;5550368,05559406
7427266,43116619;5548508,67172456
7423892,8912439;5547719,03859525
7424103,59382682;5547710,83587335
7425247,25931409;5543719,47788935
7432422,17410108;5542999,76489038
7422190,93493943;5545894,95976308
7432017,0206839;5545554,11419197
7423490,33227157;5547129,44329871
7422404,20510678;5550194,13800563
7427395,03839465;5549008,11304494
7431353,03817481;5549575,65907928
7424847,59826278;5547705,3440697
7424550,25886961;5546477,26042524
7423956,25094003;5547697,13089842
7422641,06952303;5549074,26435818
7424036,07508332;5546982,95068414
7430794,58101224;5549461,93066502
7427318,11271889;5549875,9937935
7424219,97611164;5547643,67087617
7423836,68907407;5548054,50776682
7424261,73964221;5548389,43340684
7424031,21537673;5548703,56425876
7423216,08372923;5548082,30548356
7424167,70483896;5546064,53887607
7423958,44202146;5547426,7913486
7430917,08081447;5549134,50887351
7424428,16050022;5545789,40572002
7423105,10372826;5542355,39770517
7424280,29154427;5548314,84745539
7424215,97831959;5548190,47559018
7431523,67477576;5548360,39122264
7433059,03437686;5542737,15501017
7422808,53899737;5548849,09412895
7423970,10986416;5547448,01935238
7425065,16726936;5548686,57561013
7421935,07367448;5550640,23537268
7423885,67201055;5547557,66078397
7422698,48152923;5549609,64930853
7429701,32486288;5548911,91424919
7425954,81000133;5545244,28485042
7428400,40080278;5548007,79627303
7424497,0668844;5546357,68861358
7424055,99714491;5547523,13959908
7424321,49468604;5547984,29994398
7424632,2475745;5547827,38974234
7422715,30017704;5548493,53096419
7424042,92383501;5547436,67534278
7424843,70587017;5543844,70514627
7425559,25430869;5545769,59706925
7424632,2475745;5547827,38974234
7427059,81103408;5551123,60628762
7422566,9427688;5548819,33662347
7424738,27919076;5547508,79953441
7424020,85790647;5548231,17671113
7422767,50030485;5547807,91876356
7425287,35713716;5546049,00943027
7431276,94477938;5550094,53483284
7422136,77288807;5548511,00026911
7425901,49915386;5546412,86585007
7424843,70587017;5543844,70514627
7424497,0668844;5546357,68861358
7423925,12060638;5547552,31079074
7430630,92699973;5545124,97005921
7424338,87380566;5547823,88537615
7425684,40602913;5546444,93948517
7424104,87371839;5545221,50666287
7424475,96381359;5546727,90273176
7423096,99690305;5547567,09033217
7424380,05456971;5546520,40550787
7423269,55753794;5550928,00050798
7423958,44202146;5547426,7913486
7422145,41213582;5544965,39626688
7423946,96503312;5547630,89218779
7427171,56011379;5548357,46134303
7423758,29386294;5547589,93778342
7423739,93408868;5547579,33010631
7424216,12526821;5549147,00127095
7423457,75205173;5547865,03992722
7424812,91265817;5548492,4092813
7423805,19596846;5546824,66495673
7423457,43314956;5547924,33042663
7423757,1537379;5547698,02566766
7424472,04081479;5545759,91069632
7422779,78480211;5547090,67413621
7423574,0070792;5546179,75392443
7423806,1722706;5546912,80043121
7429378,94229228;5552565,47840411
7432296,1603574;5542939,18708285
7424843,70587017;5543844,70514627
7421147,80031424;5550440,47855551
7426224,53514776;5543505,94031311
7422641,08491036;5544371,88577427
7424510,03593934;5547176,30365886
7424840,75893446;5546717,61096556
7423756,47591404;5548020,67406767
7426367,75467984;5548022,11046421
7424784,95949549;5548623,51328169
7424005,51622918;5547565,56277945
7431682,36868172;5549679,9741397
7422404,20510678;5550194,13800563
7425946,53632537;5546405,87403871
7425490,45041985;5547246,76350519
7423639,76419421;5547283,50201992
7424428,72508237;5546910,19959972
7424514,56903883;5546465,36039279
7423946,27891489;5547128,82461631
7424343,12303467;5544540,99401445
7423931,89552806;5547639,0579229
7424318,28103198;5547984,96724434
7424084,33588948;5547527,23376355
7423687,24696136;5547618,64970738
7423699,12321582;5546769,04528223
7424321,49468604;5547984,29994398
7428151,72958984;5544722,25246379
7432123,19331883;5548535,76564612
7423494,54512639;5547411,70036766
7424045,63613984;5546946,23348545
7423806,1722706;5546912,80043121
7430794,58101224;5549461,93066502
7423949,15435754;5549028,24944072
7423885,67201055;5547557,66078397
7427845,52428834;5544857,71993619
7425869,70457837;5547740,18267362
7422285,12591188;5548453,97593556
7430904,90584735;5549559,43985361
7424182,9779934;5545345,76229155
7422964,28074502;5546012,83294964
7431282,01977197;5544336,07793302
7423812,77279387;5545339,78456389
7424553,62468699;5546791,14647926
7425634,77821636;5539717,96924406
7427776,9047586;5542030,65927085
7431229,37010529;5549509,20535589
7424626,61006828;5547833,26146082
7424784,95949549;5548623,51328169
7423886,43993698;5547498,32625072
7424626,61006828;5547833,26146082
7423885,72190298;5548915,3500862
7424168,81179476;5545671,07604077
7428906,07002922;5549053,47313949
7427917,50469317;5544843,0459172
7425032,6488807;5541866,34570105
7425908,4061463;5545406,59215031
7429483,52074252;5542572,58081608
7424365,49280386;5546667,24503281
7423171,89736961;5547694,46775792
7424206,04284838;5547622,12070374
7422433,64677927;5543979,55479454
7424595,2328647;5545828,28865377
7422599,28540546;5544293,43304948
7425912,02491117;5547290,75940281
7424910,9485017;5546572,62307456
7430121,94964134;5550436,80429871
7423805,19596846;5546824,66495673
7423924,58984779;5546888,1444403
7424012,15985239;5547528,34960388
7426701,73008675;5548851,00970571
7423674,19525563;5542054,46303387
7423929,1129064;5547502,78524867
7424827,26554424;5547861,08816627
7423479,80561113;5547687,18482111
7424209,01311771;5547982,80215342
7432510,8583687;5550962,78364707
7422994,17539573;5547132,77401753
7422250,18201287;5549183,28931692
7424061,8848161;5547465,43334091
7431032,02306883;5549736,48652826
7423806,1722706;5546912,80043121
7424432,64336124;5546939,50061357
7424418,05009308;5548426,65491446
7423684,8775474;5547109,53401884
7423816,26425609;5547827,7236519
7430266,21539262;5551776,02351933
7423885,67201055;5547557,66078397
7430120,05686306;5550950,44888032
7423712,97477642;5544853,56532481
7421471,58039975;5549787,43408365
7424216,12526821;5549147,00127095
7424786,66682272;5546109,93734432
7424641,12023795;5546600,6661249
7424318,28103198;5547984,96724434
7422258,90487577;5548241,5459104
7419464,61767531;5548322,54935753
7423855,16480892;5547547,73391696
7427044,9748854;5551556,8792374
7422933,62069491;5542328,60036278
7423499,79485779;5547183,80382481
7423756,47662998;5548020,67405746
7421607,42482491;5552954,09970723
7430828,96954325;5542904,25269982
7424321,49468604;5547984,29994398
7424299,74377442;5546752,1656572
7424987,66307568;5541869,39010852
7423946,9657333;5547630,89106544
7425711,25222049;5549721,96749575
7424487,25636914;5547239,20340093
7423697,14177159;5551643,32814734
7429795,08847591;5550215,74830577
7424321,49468604;5547984,29994398
7422929,80661355;5545480,68521884
7424427,45734834;5546738,26653204
7427051,07902788;5551555,52664928
7423885,67201055;5547557,66078397
7423741,96124389;5548126,12938729
7424265,85531566;5548098,68415699
7428623,18238279;5549882,9408396
7422319,37141122;5546798,37342953
7427666,0119211;5551385,28963119
7425634,77821636;5539717,96924406
7423710,95604196;5547182,02488525
7424192,37111107;5547947,97266331
7427051,07902788;5551555,52664928
7424348,68745527;5548294,17558932
7424226,44987504;5545702,74984773
7423287,89712846;5549432,44344169
7423803,37427611;5547875,88543393
7428728,14386002;5549326,14507416
7431070,75398058;5548979,16465655
7423806,1722706;5546912,80043121
7423925,12060638;5547552,31079074
7432805,82614862;5551470,5090354
7424775,32871329;5543858,21949799
7422964,28074502;5546012,83294964
7423754,04449306;5546833,33833051
7423570,75043017;5546192,43069739
7429795,08847591;5550215,74830577
7422437,66566723;5547431,41916939
7427044,9748854;5551556,8792374
7422145,41213582;5544965,39626688
7423637,7448115;5547389,85154905
7423476,80076971;5546194,70859573
7424512,92442279;5548377,5216458
7424784,95949549;5548623,51328169
7423962,69634321;5547892,38482979
7424618,28979677;5547793,68141394
7430111,05354553;5551282,1951433
7423453,66088956;5548022,02516747
7422107,53434976;5547787,36524587
7423490,33227157;5547129,44329871
7424266,96522564;5546284,90346385
7422892,86006683;5549749,02831206
7423625,53673804;5547193,20172733
7425566,09017253;5541899,18731725
7428264,31103321;5545700,7198957
7424387,64594342;5547687,05845352
7423490,33227157;5547129,44329871
7428972,05637423;5549508,34771925
7425908,4061463;5545406,59215031
7424063,62467045;5546649,17496075
7424014,81173287;5547825,67853194
7423803,37427611;5547875,88543393
7422799,82475992;5549990,16033734
7422972,12078581;5546009,51527006
7423931,89284746;5547824,91466974
7424849,45419687;5548525,0075684
7424728,27788175;5546552,54623845
7425740,29573467;5545953,96062678
7424496,48563609;5546918,75971056
7430045,63412518;5551205,21867177
7424321,49468604;5547984,29994398
7424470,74874038;5546754,6439867
7424035,74509877;5548850,97872509
7423885,67201055;5547557,66078397
7430847,46505948;5549486,14034629
7421941,45491551;5548552,1267428
7424891,53239673;5548421,89394028
7424031,31812352;5548212,58106837
7425490,40010382;5547282,23640461
7423644,35969427;5548093,72333534
7423996,1559194;5547555,80977861
7423876,47368078;5547423,65971931
7423763,52723815;5550337,15633271
7424633,51084217;5546560,19616998
7427914,3332828;5544667,59900411
7421895,85586774;5546932,72949761
7426995,50324736;5545984,2545926
7422011,7859799;5546004,65564766
7424503,50828;5545851,77836912
7423236,72429671;5547276,38965328
7423201,3471384;5547280,4459064
7430898,74610046;5548679,91484541
7424097,34111502;5547752,66099338
7422933,16910012;5545477,86914023
7425039,04645505;5548637,21496071
7423925,93477027;5547549,63499709
7420021,14703633;5550123,26969993
7424012,15985239;5547528,34960388
7424153,09825543;5550576,93018565
7424849,45419687;5548525,0075684
7424281,78006311;5548258,08470549
7424681,07057172;5547662,52235385
7429679,26894554;5551716,08991663
7425670,62028971;5550923,22910221
7423748,72186651;5550664,06016705
7425784,62099584;5545460,04860028
7423938,66971239;5547567,09672073
7424519,85161777;5546788,80501418
7431282,3748252;5544336,16236665
7420438,12312343;5549706,36394502
7425902,57461239;5548241,8352463
7421662,91378595;5550695,48457195
7423739,93408868;5547579,33010631
7424012,1605684;5547528,34959371
7428543,02793853;5549913,01492976
7424321,4939701;5547984,29995411
7425731,5703149;5549732,49999381
7423779,10483197;5547683,72990069
7422483,40431142;5547124,4684956
7424380,05456971;5546520,40550787
7421815,89416519;5547863,37053115
7423625,53602199;5547193,20173755
7429816,15218238;5551786,13140271
7424391,87323677;5548195,28048871
7422237,93679608;5549028,26153009
7424328,74173783;5548417,13845695
7424010,62445004;5546178,45981395
7425482,43972656;5539277,7445573
7423299,9630786;5548472,67348685
7424330,49344257;5546997,49655303
7429681,98506966;5551120,52440081
7424321,49468604;5547984,29994398
7424129,10430365;5546690,41642137
7423639,76419421;5547283,50201992
7424131,30799625;5546844,33764287
7427266,43116619;5548508,67172456
7423885,67201055;5547557,66078397
7423134,19579389;5546672,90809824
7421080,62372082;5550478,97545918
7428373,25180478;5548077,13551562
7420203,62501145;5541785,54172305
7424618,28979677;5547793,68141394
7423739,93408868;5547579,33010631
7431244,62084702;5549461,80330084
7427423,5701436;5548289,43150558
7423816,26425609;5547827,7236519
7431025,42364897;5549201,41022814
7430064,6524703;5551147,90328781
7423886,43993698;5547498,32625072
7428966,92495316;5542145,16084148
7430794,58101224;5549461,93066502
7423457,75205173;5547865,03992722
7432893,89337487;5551426,90410544
7424961,07570298;5548245,83320167
7424623,1249406;5544222,86080252
7424391,42625449;5546479,1871356
7424501,32990451;5552434,09003867
7426692,73509925;5547304,04598417
7424775,32871329;5543858,21949799
7424784,95949549;5548623,51328169
7425317,56224101;5547073,52360501
7425910,62736653;5547081,46783249
7428132,48173485;5544737,00509364
7425023,63550463;5547279,72735528
7425439,35284167;5548394,44290906
7426339,07099961;5542063,98266286
7422278,77286989;5548488,14494582
7424496,48635217;5546918,75970045
7424299,74449053;5546752,16564707
7424541,72032981;5546802,44503391
7423528,05839181;5550816,58573913
7424074,87984391;5546942,41562942
7423925,93548627;5547549,63498691
7431012,02480764;5548912,10594173
7424024,52930992;5547889,71532873
7424077,24765721;5546850,99121136
7423505,86615027;5544655,81984355
7423850,30087399;5547731,03127241
7418899,42796639;5548369,34015867
7423957,18509944;5547523,32948192
7422703,1047629;5546893,715017
7428311,31817402;5542469,54750912
7432615,2138959;5551211,31474045
7430965,76744364;5549215,01356444
7424371,10643974;5546555,15106868
7424359,34513205;5547438,78577571
7424093,42426678;5546829,5592733
7423806,1722706;5546912,80043121
7424012,54773318;5547015,76699806
7425598,62674272;5549303,60143936
7423758,29386294;5547589,93778342
7423925,93548627;5547549,63498691
7423912,26870519;5547939,56046921
7429819,81669076;5550422,32265973
7423994,48739723;5547523,09977835
7425693,2396185;5546512,49841576
7423974,04981663;5550294,81861983
7423946,27891489;5547128,82461631
7430894,26935728;5549493,32519196
7423592,9922257;5547898,65367884
7425946,53632537;5546405,87403871
7438757,05822488;5547783,38474846
7424395,06074244;5546524,62197645
7422581,98895429;5548833,96510847
7422447,10374698;5550470,42694128
7423568,9150304;5546202,00024763
7423958,44202146;5547426,7913486
7427917,50469317;5544843,0459172
7424647,82041035;5546577,17795699
7423935,45012725;5547596,77815256
7424159,8729137;5544885,51715357
7425754,45600059;5545399,99371803
7425264,93535188;5545999,47030276
7427860,78490403;5544806,9453534
7422408,18210256;5544403,51469615
7424318,28103198;5547984,96724434
7423952,98480694;5547389,39969058
7424217,9751352;5545019,30961579
7423462,00214548;5548184,29560266
7424432,60469045;5546623,24916215
7423986,07855994;5550252,14227267
7430064,65175479;5551147,90329717
7422972,12078581;5546009,51527006
7423490,33227157;5547129,44329871
7423974,28167921;5547896,33608122
7430794,58101224;5549461,93066502
7420983,57940283;5543283,36340894
7423235,99009168;5547940,09823388
7423568,04900571;5548192,033405
7424097,34111502;5547752,66099338
7421169,24819872;5550470,06869402
7423943,15070126;5550151,15624343
7423188,02015943;5546711,3744369
7425132,32021477;5548003,84759041
7422972,12078581;5546009,51527006
7423763,42538133;5548325,83473745
7424321,49468604;5547984,29994398
7429891,55146934;5551731,09618369
7424784,95949549;5548623,51328169
7422775,44534378;5549516,5246333
7425138,81423251;5546095,56080017
7442836,15978372;5546901,62637942
7423812,28380995;5550846,53523204
7423625,53673804;5547193,20172733
7425518,6982846;5550441,31314146
7422007,1078619;5548970,50005646
7424835,73961918;5548455,90969013
7424097,34111502;5547752,66099338
7423806,1722706;5546912,80043121
7424432,0233518;5547866,82359964
7422876,01323218;5547345,94992389
7423373,37597768;5546068,22015833
7424178,94862039;5547512,76570335
7424067,63999822;5547878,37406144
7421487,62868998;5551088,06655237
7423885,67201055;5547557,66078397
7424622,85068772;5546600,17810359
7423806,1722706;5546912,80043121
7431587,54996908;5548332,64441151
7429318,44572726;5552323,9531819
7422929,80661355;5545480,68521884
7422773,40933323;5548782,13883612
7423118,81545097;5546723,61577582
7424775,32871329;5543858,21949799
7423925,93548627;5547549,63498691
7423806,1722706;5546912,80043121
7423958,44202146;5547426,7913486
7430064,65175479;5551147,90329717
7424633,4914954;5546040,05501925
7420569,1882679;5543405,18270563
7431229,37010529;5549509,20535589
7427993,32125748;5549154,84948175
7424733,24048848;5550787,98517594
7427962,58901773;5543772,97254322
7423925,93548627;5547549,63498691
7423490,33227157;5547129,44329871
7423799,54485571;5549001,20065726
7431505,16356989;5549836,59691309
7424129,40696974;5548000,19290698
7424608,69025153;5547860,64552928
7423748,96964281;5546728,51062347
7428352,75209409;5551327,22914092
7428284,47240785;5551832,08508926
7428427,99530001;5549991,67463172
7424432,0233518;5547866,82359964
7429949,2359688;5549374,02489495
7424763,82515591;5547349,77367823
7424829,91518378;5548746,6686047
7423702,16742459;5547956,25339779
7424738,27919076;5547508,79953441
7430620,21899229;5549483,4656322
7427128,13783616;5548897,23797254
7423476,80076971;5546194,70859573
7425203,53049159;5546104,2694234
7422529,92193711;5546819,21588459
7423143,66933755;5547102,59637773
7424725,13354711;5545816,80699425
7424764,31863258;5546100,55684808
7421720,28589133;5547251,49426811
7429108,37491529;5551102,06522683
7423929,11360659;5547502,78412631
7428728,14386002;5549326,14507416
7420542,18519593;5541638,34886403
7423201,3471384;5547280,4459064
7424596,59772084;5546509,35871623
7431926,01357759;5549175,24386348
7428389,63786192;5551556,78540113
7424843,70587017;5543844,70514627
7423725,99543971;5548222,06989113
7424123,0112795;5547987,49649526
7423946,27891489;5547128,82461631
7423843,63296485;5547124,29201145
7424129,40696974;5548000,19290698
7421072,19291281;5550447,67608577
7424499,72159507;5547610,44833146
7431523,67477576;5548360,39122264
7424248,74132757;5546841,79187678
7432743,24350079;5545724,74358963
7423933,27515575;5547623,46904474
7423155,0038337;5546758,68980137
7432893,89410431;5551426,90520865
7432935,96076804;5545578,15476228
7423733,82500433;5547142,59105616
7423049,32198822;5545961,30212201
7424541,72032981;5546802,44503391
7423958,44202146;5547426,7913486
7431975,39497238;5549276,7746362
7424216,12526821;5549147,00127095
7429616,74572117;5550984,54409717
7424622,85068772;5546600,17810359
7424298,14036373;5546424,96905589
7424229,73452559;5548316,69805283
7429253,66783913;5548512,13333253
7424835,7389033;5548455,90970019
7424263,3214073;5548396,11215311
7424458,15675867;5546931,03429359
7421721,44204355;5548370,44572123
7424891,65683156;5548420,55730732
7423281,66705334;5547311,30660641
7424138,86185658;5547817,02106702
7423608,98069249;5551582,40487068
7423958,44202146;5547426,7913486
7424456,55965436;5546941,84604755
7427822,81090414;5550969,28935343
7424633,51084217;5546560,19616998
7423710,48531885;5544780,06643594
7423871,51383489;5547517,1948102
7422455,12805673;5546793,10065152
7424290,17623473;5549121,43483417
7423925,12060638;5547552,31079074
7426526,01026754;5549998,56402574
7420925,34274986;5547583,52553876
7425656,30469707;5547790,37643676
7424069,5146979;5546282,34474103
7426499,57982514;5549396,93034365
7421504,99417545;5547045,15413595
7427323,36425103;5551211,28780135
7428470,72077728;5549114,9092626
7423539,87717444;5548024,97036155
7424628,24908678;5546498,14592641
7424002,60019104;5548172,87889087
7423332,04226082;5546049,02452003
7423803,37427611;5547875,88543393
7428966,92495316;5542145,16084148
7424246,82653825;5547582,66447002
7430823,44930275;5549040,65886382
7421475,87841435;5550325,24840866
7425191,10534219;5546130,99603033
7423989,19870422;5547759,1477395
7421257,8302066;5549751,52183464
7423987,25139135;5546769,12867738
7424515,57256963;5548520,86680371
7424123,62811696;5548560,43692449
7423625,53673804;5547193,20172733
7425997,91068654;5548040,81650115
7423595,81112996;5548006,77306726
7424835,73961918;5548455,90969013
7429204,07818924;5549718,68399597
7423515,89609304;5547298,06949601
7424394,57904542;5546799,18564697
7421036,93476253;5549934,8894499
7428427,9953149;5549991,67574391
7425400,85762161;5545844,91773314
7424218,44021579;5544839,33980013
7428385,85597144;5548010,88317898
7423938,66971239;5547567,09672073
7423958,44202146;5547426,7913486
7423356,2733554;5551112,79238318
7423163,60466327;5545585,48961183
7425974,67600898;5551311,78551735
7425610,50662577;5548352,373742
7423630,63271496;5547870,87549943
7423121,07316983;5550877,22890812
7422448,92208873;5547126,76691687
7424816,90409868;5541247,09966236
7425914,05014854;5551066,34599521
7422214,20194559;5548922,37069521
7430368,64696589;5549931,26446351
7425317,56224101;5547073,52360501
7423885,67201055;5547557,66078397
7425376,99828917;5543424,29961676
7424849,45419687;5548525,0075684
7428272,69171637;5543484,19985914
7422876,01323218;5547345,94992389
7424476,68343072;5548509,22604417
7439896,4649311;5546964,83166562
7423961,58143024;5547375,5759888
7424226,45968529;5546376,5648618
7424286,09944276;5547250,01201083
7424154,15636339;5548309,82328112
7421882,49210117;5549055,14535703
7428223,37762638;5542101,08164203
7424713,72827962;5546863,57949543
7425574,36976163;5546537,49159821
7419492,31037527;5548374,52246454
7421742,38648492;5543981,1355801
7425737,76025806;5546483,53325254
7426146,08052573;5547371,20474464
7427675,99869876;5551033,26573495
7423519,95519424;5547940,18465641
7424232,0212319;5546354,36596836
7423958,44202146;5547426,7913486
7424634,46190746;5546038,97011304
7430917,08081447;5549134,50887351
7437362,91891805;5552102,51105658
7424012,1605684;5547528,34959371
7429891,54648839;5551200,26222256
7423826,83983228;5547756,36443152
7424376,33344774;5547762,04322356
7423332,04226082;5546049,02452003
7424476,68343072;5548509,22604417
7425055,67887554;5550692,02082115
7431229,37010529;5549509,20535589
7423218,80119107;5550890,49456757
7423453,19631534;5550852,69407689
7423015,60836685;5547088,15825406
7424216,12526821;5549147,00127095
7423470,23515117;5547091,35257411
7423958,44202146;5547426,7913486
7421043,74863174;5549028,58538722
7425793,10692499;5550012,88209298
7426899,19448824;5547717,30194486
7428537,601287;5551433,21438133
7430020,51710493;5549764,3497049
7426464,26422766;5542157,96198888
7422860,41997213;5548559,83171731
7423871,51383489;5547517,1948102
7426317,60625928;5547987,80163992
7422554,37485168;5549423,25436513
7420880,02403696;5550562,28951789
7428662,26305654;5551402,85449351
7423985,61476912;5547776,70240161
7423970,10986416;5547448,01935238
7424384,55891524;5548419,27135455
7425981,14738028;5541709,48374646
7429654,73348896;5550943,49522756
7423473,00410445;5547334,77603856
7424194,36784583;5547690,96499648
7425247,25932961;5543719,47900151
7430064,65175479;5551147,90329717
7424784,95949549;5548623,51328169
7423499,79485779;5547183,80382481
7423586,01549748;5547123,47509324
7424521,44430092;5546956,10586308
7421823,97087654;5550641,08944921
7424802,14596532;5546775,72799585
7419380,87063435;5547971,16432448
7423523,42417693;5548132,0359332
7421652,56999239;5548407,70456551
7424634,46190746;5546038,97011304
7430966,69553414;5546742,78260138
7423806,1722706;5546912,80043121
7427666,0119211;5551385,28963119
7423441,34673506;5548037,25898927
7425946,53632537;5546405,87403871
7422114,67049659;5547782,19984826
7427675,9994143;5551033,26572526
7424176,88014679;5546568,32586364
7423951,91557237;5547576,37390096
7423201,3471384;5547280,4459064
7421615,15174695;5543617,99005191
7424962,53467983;5547924,16677031
7431583,86363866;5548328,97846178
7424321,49468604;5547984,29994398
7424490,42522373;5546856,85540633
7423519,95519424;5547940,18465641
7424156,82824903;5548166,37487221
7424253,54376764;5546275,79814272
7429025,13446795;5542874,34067902
7424632,2475745;5547827,38974234
7424293,23924733;5548139,76817151
7423951,81482993;5544485,50350422
7423925,12060638;5547552,31079074
7424129,40696974;5548000,19290698
7424596,59843699;5546509,35870614
7423951,26707437;5539863,84442168
7424812,91337404;5548492,40927124
7431581,31373752;5549395,38489565
7424620,76902444;5547921,44957467
7424699,77968317;5546543,34487719
7417380,17022764;5548778,22264448
7427051,07902788;5551555,52664928
7431176,87976197;5549946,315269
7423483,65239563;5550850,89302118
7423925,12060638;5547552,31079074
7428101,11913603;5544731,02990113
7430280,23606879;5550701,69475343
7423875,08310014;5546450,87288293
7425634,77821636;5539717,96924406
7423625,53673804;5547193,20172733
7423959,02273762;5547427,33929895
7424279,3752833;5548433,52428221
7420665,383948;5542931,91019773
7424514,5653651;5546719,00951352
7430715,45809997;5549426,50493227
7424214,32056618;5546472,32342323
7424584,77273647;5547955,49482423
7424784,95949549;5548623,51328169
7424280,26429364;5548002,12903986
7423748,90523752;5548922,53969374
7424434,76686687;5546957,09333471
7423277,0895298;5543906,83308562
7424009,50931252;5549939,0556003
7428463,89320266;5549937,33110315
7424578,40072543;5546486,29026629
7423332,04226082;5546049,02452003
7421042,9058914;5547481,31412095
7430787,72471438;5548971,30162486
7425737,76025806;5546483,53325254
7429681,98506966;5551120,52440081
7424541,72032981;5546802,44503391
7426572,16029001;5550172,98490286
7424847,92623148;5548442,65878693
7423737,29347581;5548125,19476474
7423350,07013489;5548497,03450903
7423573,33828012;5547911,39342624
7430065,87985546;5542682,00796605
7424969,1903295;5544032,72962643
7424363,16702027;5548427,42964158
7423526,32965032;5547228,23459003
7425292,36958733;5548314,82907066
7421770,54156008;5549220,77511289
7423700,67963598;5548876,48289173
7423957,61638376;5548068,24650291
7423798,17090203;5548103,94450237
7423905,77918396;5547411,93967178
7421576,07619135;5549558,14595664
7428244,58423015;5545150,21339867
7424619,38512394;5545803,50013623
7424322,77671882;5548052,59915464
7422734,27235045;5548077,0200016
7423600,79447403;5547015,73419006
7423950,94516138;5548059,06051653
7426331,20287106;5545850,03636298
7422278,96389457;5547057,01818759
7425055,67887554;5550692,02082115
7420409,70448179;5542698,30999101
7423100,93107167;5549931,36893371
7426292,03519304;5542530,80281651
7420893,83013042;5549243,54027787
7424000,04487052;5550193,23501542
7423425,78950083;5545804,71387285
7423491,39024732;5550393,95654023
7423987,25139135;5546769,12867738
7424231,17937515;5545098,30907715
7423639,76419421;5547283,50201992
7423220,31007538;5548006,7765425
7424344,95559452;5546320,15940227
7424123,0112795;5547987,49649526
7424226,60499648;5548371,20475989
7424621,21467947;5547873,28950567
7433059,03509349;5542737,15500122
7424553,50435414;5547110,62049792
7426028,04502446;5545011,25401611
7426675,73723203;5550613,10455428
7422972,12006961;5546009,51528037
7430630,92699973;5545124,97005921
7425702,9828687;5548229,66989157
7424856,55130678;5550908,5961428
7422145,41213582;5544965,39626688
7424541,72032981;5546802,44503391
7418810,24984049;5548121,39067874
7420777,09298396;5549927,54267024
7423399,04071292;5546205,68572319
7423304,51204;5548635,30530413
7425603,54224375;5546529,67297036
7420092,09218512;5549988,23410179
7423925,93548627;5547549,63498691
7421815,08225059;5547102,92978806
7424575,18425525;5542759,18812672
7426783,47306747;5547266,68636972
7424000,04487052;5550193,23501542
7424402,62806921;5546682,71336005
7424121,56385725;5546758,83725846
7424549,8037038;5546814,27270976
7424623,12422415;5544222,8608126
7423420,92076626;5548892,99513168
7427448,93140989;5545024,01427422
7429918,6339216;5547865,04729634
7423807,76524809;5547586,44976728
7424432,0233518;5547866,82359964
7424399,45493747;5547933,69440603
7426955,09496;5548952,56656336
7425948,33997167;5550927,63228727
7424517,03295225;5548123,25437521
7424517,03295225;5548123,25437521
7424623,1249406;5544222,86080252
7423758,29386294;5547589,93778342
7427361,67471377;5551164,23866205
7422972,12006961;5546009,51528037
7429318,11611781;5551833,61939015
7432510,8583687;5550962,78364707
7423667,63624006;5547388,54954859
7424097,34111502;5547752,66099338
7424321,49468604;5547984,29994398
7428546,1632821;5545091,39432683
7423929,11360659;5547502,78412631
7424889,59898564;5541881,39569999
7423946,27891489;5547128,82461631
7423491,39024732;5550393,95654023
7423946,88782682;5547540,97735968
7424454,93341234;5547947,59441085
7423758,29386294;5547589,93778342
7423952,30142385;5545867,89039458
7426976,07034213;5550820,69231791
7425681,72393743;5547095,83510897
7420046,23865315;5550096,80003154
7423885,67201055;5547557,66078397
7423608,98069249;5551582,40487068
7428579,96014407;5542870,18355244
7422145,41213582;5544965,39626688
7424891,65683156;5548420,55730732
7424622,25525398;5546808,65412769
7423937,5096098;5549994,55322352
7431633,94802503;5551424,5659939
7425846,35069426;5546020,48110863
7423445,01114941;5547168,50302285
7422038,38270168;5550529,26506803
7424361,40046931;5548436,9401203
7422914,56490792;5545923,43678692
7419183,93658451;5541485,35321764
7425345,48358602;5544364,62729865
7423037,97023313;5547325,39432791
7424509,72077086;5546739,63395462
7423950,41566028;5547537,25626655
7424233,22033356;5546413,71912013
7431520,97814223;5549828,52315023
7424228,25114418;5548018,47149638
7423925,12060638;5547552,31079074
7424371,10643974;5546555,15106868
7424123,0112795;5547987,49649526
7424184,43973864;5548105,45957194
7424229,73382545;5548316,69917515
7425986,89427483;5548698,72386974
7423806,1722706;5546912,80043121
7430642,29721541;5549876,50213498
7422373,44573273;5548899,09439552
7424321,4939701;5547984,29995411
7424110,88111152;5547840,17221667
7429959,1444503;5550048,57524279
7423688,50084384;5547616,18452187
7424239,47307407;5547548,92140723
7423822,19888631;5548092,19450707
7420612,50788774;5543319,56525543
7424373,9048615;5543311,21693919
7431255,5443602;5549756,39704232
7424733,24048848;5550787,98517594
7429750,12223428;5547883,28470294
7424512,92442279;5548377,5216458
7424521,44430092;5546956,10586308
7428980,82573491;5552164,35991154
7422281,65422341;5548941,14655721
7424267,96579239;5546252,59622216
7425754,99933661;5547640,21018929
7422057,02626163;5549075,71469566
7423817,7203381;5547761,10967206
7423896,24969007;5548762,52082308
7424097,72517329;5547934,47410869
7420586,11663886;5549995,09726777
7428940,73529818;5549596,6691744
7430460,972759;5548609,18421998
7424265,85533141;5548098,68526916
7429336,82826971;5552161,77045282
7424515,57185375;5548520,86681381
7424263,3214073;5548396,11215311
7424862,53708282;5547583,26488347
7423806,1722706;5546912,80043121
7422474,26889668;5548956,78243362
7423499,79485779;5547183,80382481
7427644,62045394;5548546,7029093
7424434,76686687;5546957,09333471
7431505,16356989;5549836,59691309
7425358,38045872;5542752,53250159
7422715,30017704;5548493,53096419
7424358,4522113;5548315,194361
7424945,02885544;5548268,88042546
7429959,1444503;5550048,57524279
7427319,91570427;5544989,46011344
7423958,04971834;5547514,72940587
7421662,05601648;5550762,215954
7423929,1129064;5547502,78524867
7425247,25931409;5543719,47788935
7427675,99869876;5551033,26573495
7423499,79414174;5547183,80383505
7424156,78184026;5545489,87134905
7424805,24266556;5546130,02105269
7425666,30491281;5548326,32870561
7423912,88522544;5547813,88958254
7423759,69509055;5544036,23028701
7431633,06903646;5548417,22454099
7423748,96964281;5546728,51062347
7424428,72508237;5546910,19959972
7426580,01280577;5542057,74541619
7422875,290632;5545975,03432958
7424911,82587193;5546740,21182832
7424282,04098163;5548137,81310018
7422725,14561854;5544453,27519658
7422719,64500462;5548510,2801227
7423514,26039361;5545705,39485726
7422610,20103655;5548832,90045281
7424541,72032981;5546802,44503391
7427860,78490403;5544806,9453534
7424509,72077086;5546739,63395462
7422013,80713772;5547044,96962292
7423958,44202146;5547426,7913486
7429739,85143199;5549987,9046194
7432169,27602237;5548671,0693243
7428373,25178988;5548077,13440343
7427675,9994143;5551033,26572526
7424843,70587017;5543844,70514627
7422145,41213582;5544965,39626688
7423822,19888631;5548092,19450707
7425458,03617654;5548395,94231524
7424293,23924733;5548139,76817151
7440636,74459477;5548719,66052399
7428373,25178988;5548077,13440343
7424208,03210848;5547664,97579795
7424020,56973953;5548341,49949092
7424541,15494234;5546829,65127157
7427536,93930193;5551253,96012239
7424811,88982515;5548397,8480924
7423571,80056128;5547559,63464627
7420193,45859307;5550108,50447227
7424949,65262237;5548746,71453724
7424514,56903883;5546465,36039279
7424725,13283089;5545816,80700433
7423592,48755619;5547572,5023078
7423959,49471048;5547483,62597472
7424280,48673518;5545490,7989548
7424841,83577921;5547405,75468874
7424623,20509238;5547858,27291529
7424515,57185375;5548520,86681381
7424411,50091054;5546967,31899421
7423045,70273086;5548980,4229868
7428388,93264751;5545751,5246919
7424578,88059177;5546199,03783159
7425079,00045698;5546136,81005186
7423971,35565285;5547727,38062344
7424733,24048848;5550787,98517594
7424812,91265817;5548492,4092813
7424211,03887142;5539579,33044366
7422474,26889668;5548956,78243362
7431152,31524743;5548962,56296706
7424788,71453612;5547347,410301
7422189,07987284;5548059,17690122
7423639,76419421;5547283,50201992
7428388,93264751;5545751,5246919
7420886,05530797;5549230,97364083
7418298,59501602;5549207,01441702
7424110,88109575;5547840,1711045
7423883,4902071;5546434,60451049
7421518,48762096;5548451,13802962
7425910,62736653;5547081,46783249
7427010,64691842;5549336,65133496
7424321,49468604;5547984,29994398
7429449,15729477;5549803,4584661
7424632,2475745;5547827,38974234
7428860,24010546;5542685,81515641
7424231,17937515;5545098,30907715
7423357,88239388;5547122,77323237
7428657,05953745;5549909,60535808
7429449,15729477;5549803,4584661
7423948,13515599;5547662,97964722
7424619,13526433;5547887,62989692
7424489,78261751;5545712,36775632
7424027,86489056;5547527,03418566
7423958,44202146;5547426,7913486
7427996,47594676;5551297,95195173
7424299,74377442;5546752,1656572
7421594,03140061;5548458,64801747
7424626,61006828;5547833,26146082
7428623,18238279;5549882,9408396
7421556,05916141;5541669,02094724
7423886,43993698;5547498,32625072
7423958,44202146;5547426,7913486
7424214,91390155;5546467,48496113
7423885,67201055;5547557,66078397
7423457,75205173;5547865,03992722
7422534,94218318;5547398,48848102
7422896,68438413;5546946,54515139
7423950,58477192;5547590,86858057
7423926,12030479;5548029,50861806
7425974,67600898;5551311,78551735
7423946,27891489;5547128,82461631
7424206,67553923;5548165,57822707
7428851,0746444;5545130,68557309
7423499,79485779;5547183,80382481
7423806,1722706;5546912,80043121
7423806,1722706;5546912,80043121
7423457,75205173;5547865,03992722
7430904,90513163;5549559,43986286
7423528,58903621;5547286,85074421
7430111,05283004;5551282,19515265
7422294,9290541;5548773,91066576
7433060,6460717;5551428,78704354
7426704,45362692;5550470,58161194
7423742,57475619;5548365,99852041
7424208,03210848;5547664,97579795
7422145,41213582;5544965,39626688
7423472,25127663;5543653,76600856
7423681,68526223;5548485,13514127
7425894,73384556;5547174,10923188
7422819,54062701;5543078,89494553
7430646,42152219;5550042,1276225
7426488,6215933;5543837,99417924
7424219,97611164;5547643,67087617
7424057,52980156;5546925,09026248
7426540,28288275;5549587,48104878
7428195,43990743;5545645,81492597
7424633,51084217;5546560,19616998
7424012,1605684;5547528,34959371
7431880,93951823;5550400,88438843
7419617,99429024;5549550,41021804
7420108,32105085;5549803,71834612
7422809,45504209;5549414,47431341
7424103,59382682;5547710,83587335
7423929,1129064;5547502,78524867
7424226,85586727;5548326,491311
7424515,57256963;5548520,86680371
7424088,67964178;5546864,9354483
7423639,76419421;5547283,50201992
7430266,2146772;5551776,02352866
7426054,07556205;5547436,01007848
7424261,73964221;5548389,43340684
7423033,24586425;5545842,40755343
7425797,09000022;5546355,75139938
7423824,27868404;5549144,48057506
7425536,82625323;5549282,70755168
7425946,53632537;5546405,87403871
7423952,342679;5548493,88357391
7422587,06457605;5546856,32002571
7423888,90177991;5546439,74028459
7424563,91891863;5546365,39154025
7426883,87242169;5545711,30929363
7431825,58812631;5549152,7307235
7424515,57256963;5548520,86680371
7423885,67201055;5547557,66078397
7423885,67201055;5547557,66078397
7426655,33176257;5542110,81496776
7425666,22770195;5546537,67998627
7424733,24048848;5550787,98517594
7423756,47662998;5548020,67405746
7423457,75205173;5547865,03992722
7424279,3752833;5548433,52428221
7436047,7857638;5548600,15453236
7424280,26429364;5548002,12903986
7424572,4763855;5546864,94343641
7418810,25055643;5548121,39066788
7427257,98311479;5546899,24240209
7427516,33847437;5548291,37169735
7423962,69634321;5547892,38482979
7424626,61006828;5547833,26146082
7427956,34080762;5544881,68472259
7423925,93477027;5547549,63499709
7423257,20279754;5550971,03489405
7424293,23924733;5548139,76817151
7423912,88522544;5547813,88958254
7424119,08421252;5548365,96894268
7423861,79485254;5548826,31628574
7423239,44877459;5548180,27180493
7427917,50469317;5544843,0459172
7423702,73985406;5548460,54081784
7424539,64997675;5547308,10074629
7420189,74486315;5548869,21993489
7424246,67020552;5548057,76448821
7424784,95949549;5548623,51328169
7423739,93408868;5547579,33010631
7424110,9333414;5547721,08270478
7420167,24081053;5548577,40074369
7425946,53632537;5546405,87403871
7423499,79485779;5547183,80382481
7424229,73452559;5548316,69805283
7425875,036381;5547200,66468621
7422594,43424069;5544141,62045447
7424467,58300919;5548144,10030481
7420586,11663886;5549995,09726777
7423982,85251643;5547778,85522637
7430794,58101224;5549461,93066502
7423958,44202146;5547426,7913486
7425946,53632537;5546405,87403871
7421941,45491551;5548552,1267428
7423948,17294675;5547722,05910022
7425029,3131235;5547432,37948729
7430242,91685906;5549783,24484147
7424445,21231722;5548442,61018378
7427059,81103408;5551123,60628762
7421290,21074118;5547436,90887152
7422160,05146409;5548555,12369036
7427915,78288404;5545449,96027632
7431145,69098386;5548963,90857607
7424209,43380928;5547688,09399951
7423832,27046782;5547682,64899403
7430419,24379203;5549551,22380919
7424071,94501993;5547887,99869144
7423806,1722706;5546912,80043121
7425247,25931409;5543719,47788935
7432211,19878352;5548885,59243597
7421629,04026049;5550088,56500989
7423514,44663527;5547202,58208132
7424253,54376764;5546275,79814272
7424901,11913827;5546176,2812892
7422605,73568467;5542472,6955177
7422972,12078581;5546009,51527006
7423499,79485779;5547183,80382481
7431736,96242088;5543147,97045077
7424008,45987866;5548782,47928091
7423269,55753794;5550928,00050798
7423124,43396839;5546764,21480021
7423454,79691031;5545386,42342636
7424344,95559452;5546320,15940227
7423915,17180704;5547812,53329554
7424622,85068772;5546600,17810359
7423630,38477929;5546865,91536761
7424563,35957368;5546383,69288446
7424262,89404674;5547547,42066642
7424206,67553923;5548165,57822707
7431449,19135789;5550128,58340709
7424515,57256963;5548520,86680371
7424227,68015695;5548243,14917335
7426692,73509925;5547304,04598417
7424671,61938209;5545970,05218107
7426652,35990288;5549559,46727508
7424708,17659487;5546852,01185972
7425138,81423251;5546095,56080017
7423350,07013489;5548497,03450903
7431912,34941413;5548929,53452981
7424618,28979677;5547793,68141394
7429968,09689549;5550615,65578266
7423797,6833098;5548121,18934657
7423946,96503312;5547630,89218779
7425777,3341801;5550551,83035306
7423806,1722706;5546912,80043121
7424784,95949549;5548623,51328169
7422679,60396276;5548015,14535981
7427051,07904307;5551555,52776147
7424850,31473407;5547915,1831254
7431162,55004323;5550768,88889046
7425068,831009;5545814,38551409
7430715,11626435;5549431,94555674
7423931,89284746;5547824,91466974
7423007,87863044;5545963,51439045
7424616,35767704;5539814,50006549
7421774,60015015;5549217,93468379
7423607,10801924;5547160,47075888
7430259,01018751;5551793,6476406
7425692,53483532;5542924,62473749
7422278,96389457;5547057,01818759
7420528,36735413;5549411,19591729
7431953,42660354;5548206,1748182
7423687,09911591;5547392,38782618
7424637,37583506;5541693,41757863
7423924,58984779;5546888,1444403
7424238,13792553;5546366,92852857
7423639,76419421;5547283,50201992
7424246,82653825;5547582,66447002
7424733,24048848;5550787,98517594
7430824,05977471;5549962,4333299
7425035,84094389;5548633,99609568
7423946,27891489;5547128,82461631
7423924,58984779;5546888,1444403
7423987,73642189;5547784,90407456
7421037,32638169;5549060,87269044
7424402,62806921;5546682,71336005
7429281,11629964;5549636,20886418
7424169,80063761;5546134,95884536
7424578,40072543;5546486,29026629
7430259,01018751;5551793,6476406
7423885,67201055;5547557,66078397
7429698,68475814;5551665,22968324
7424514,56903883;5546465,36039279
7422030,19607655;5550208,45056561
7426655,33176257;5542110,81496776
7423753,61588902;5548075,98713009
7430794,58101224;5549461,93066502
7415750,44531965;5548693,2012784
7424699,77968317;5546543,34487719
7421022,74037541;5549068,25433323
7426093,7002822;5541776,56824685
7424238,98810983;5546708,31343169
7423939,42538101;5543270,79051813
7426869,3541232;5550870,15929664
7423961,38043019;5550187,82900025
7431070,75398058;5548979,16465655
7424227,68015695;5548243,14917335
7427314,8608455;5548490,2473226
7425715,30200349;5550907,79173345
7425128,94232341;5547845,17726783
7422921,22020923;5551294,5949288
7430819,68213492;5548903,41018497
7423935,40045264;5547679,96917803
7424976,89377414;5548459,31415573
7424002,60019104;5548172,87889087
7424371,10643974;5546555,15106868
7423805,19596846;5546824,66495673
7423693,03977455;5547191,67131048
7425912,02491117;5547290,75940281
7432956,14055563;5551337,42885151
7424618,28979677;5547793,68141394
7423950,41566028;5547537,25626655
7424237,71582633;5546391,96248592
7423886,43993698;5547498,32625072
7423534,56776712;5550248,62465517
7415322,98863649;5542798,1949238
7424257,53652383;5547698,61023966
7424227,68015695;5548243,14917335
7428631,13151948;5544249,17954161
7421491,52162093;5548006,72870431
7422972,12078581;5546009,51527006
7426081,90064936;5550321,25917663
7423348,04003749;5547381,51733959
7424056,46466995;5547889,88370661
7423972,06583179;5548640,89286744
7430064,65175479;5551147,90329717
7424835,73961918;5548455,90969013
7424709,98888317;5546882,87667323
7423269,55753794;5550928,00050798
7423980,07585029;5547742,75143422
7423639,76419421;5547283,50201992
7424181,49976881;5547906,00988143
7419182,32108507;5541464,89455889
7423929,11360659;5547502,78412631
7431504,54590507;5549613,55903741
7429578,29993139;5549330,58545335
7424733,24048848;5550787,98517594
7423886,43993698;5547498,32625072
7430823,29794815;5549307,75274437
7432881,84773819;5551277,96077696
7424115,2156519;5546732,46425937
7423900,41780771;5545600,86190436
7424062,79268446;5547428,93684261
7428405,31611938;5542485,06548657
7424849,45419687;5548525,0075684
7423806,1722706;5546912,80043121
7430739,2520433;5550163,49278947
7423101,95566447;5545726,90314676
7423962,69634321;5547892,38482979
7424009,50931252;5549939,0556003
7423220,31007538;5548006,7765425
7422421,85928842;5549379,47943474
7423499,66831573;5545770,4733637
7422668,73722263;5544061,47493647
7428063,63064228;5544677,60507225
7430111,05283004;5551282,19515265
7422978,11393998;5546007,38330821
7422145,41213582;5544965,39626688
7431825,58812631;5549152,7307235
7425458,03617654;5548395,94231524
7423946,27891489;5547128,82461631
7432484,05462292;5551330,90525658
7424050,00411639;5548370,45905777
7429294,21252996;5548567,78368498
7424515,57185375;5548520,86681381
7423398,29131142;5545922,16148587
7423460,98524745;5547683,14456618
7423837,51515094;5547885,44430961
7423841,74013224;5549314,87575725
7423476,80076971;5546194,70859573
7425163,98241605;5548176,9593948
7425346,92872598;5551290,13193297
7422233,11284858;5546984,21821036
7424273,89530188;5548301,85943155
7421094,7848657;5549878,30161707
7423522,6079714;5547430,93431043
7423288,60428331;5548147,95966674
7424438,26326274;5548425,0188565
7421063,12904711;5549149,64929904
7424458,15604258;5546931,0343037
7424515,57256963;5548520,86680371
7422964,28074502;5546012,83294964
7430630,92699973;5545124,97005921
7425065,16726936;5548686,57561013
7423479,57220535;5546421,97172556
7423098,09076308;5548610,57030647
7431952,52444276;5552812,8997401
7422124,51562788;5546801,24998324
7425247,25931409;5543719,47788935
7424694,36222271;5550994,22968903
7422250,64258346;5548291,76706645
7422259,34689759;5548483,79960697
7423531,02978542;5550800,71243577
7423466,41378998;5546493,59872877
7429025,13373661;5542874,33957633
7424784,95949549;5548623,51328169
7424503,50828;5545851,77836912
7423806,1722706;5546912,80043121
7424020,85790647;5548231,17671113
7424022,88102898;5547813,9948817
7423274,34794652;5548145,10388935
7430739,2520433;5550163,49278947
7430244,345143;5551276,10188084
7424626,61006828;5547833,26146082
7432510,8583687;5550962,78364707
7424870,98294586;5548249,10796594
7430316,31593912;5549686,3269801
7421382,28169858;5546476,20550229
7425493,39370617;5552262,84173629
7424083,33822059;5547527,58164209
7426543,13662048;5549739,48784559
7424433,70718382;5546439,5702135
7425955,76709004;5546396,24201615
7422325,10300582;5550550,17583967
7425584,08944364;5548820,29247567
7430026,47992113;5551024,87486392
7423806,1722706;5546912,80043121
7424997,76077218;5548501,49754284
7423242,63308633;5543594,60982556
7423980,07585029;5547742,75143422
7423989,02458746;5546746,92433744
7423826,75618563;5547401,92003713
7425634,77821636;5539717,96924406
7425737,76025806;5546483,53325254
7424012,15985239;5547528,34960388
7427512,53268607;5551438,06915958
7430242,91685906;5549783,24484147
7431065,73989347;5550073,69957201
7425444,76556307;5541995,76716088
7424541,72032981;5546802,44503391
7428254,01922483;5544420,76047431
7423885,67201055;5547557,66078397
7427714,38608089;5551355,2043594
7430111,05283004;5551282,19515265
7429148,6057544;5551418,0464885
7430478,94953538;5550023,96971297
7433260,47704028;5550032,6539748
7433133,62896847;5551413,01086586
7421955,18024104;5548587,5984071
7424835,73961918;5548455,90969013
7424184,84183601;5548309,23362749
7422972,12078581;5546009,51527006
7421226,09043639;5544744,9586743
7422189,07987284;5548059,17690122
7423958,44202146;5547426,7913486
7423568,04900571;5548192,033405
7423333,01891985;5547266,048546
7423925,93548627;5547549,63498691
7429750,13528495;5550783,46173253
7431276,63724828;5549722,48536787
7427644,62045394;5548546,7029093
7424417,63463626;5546685,87531725
7424509,84039046;5546798,32935338
7423886,43993698;5547498,32625072
7424066,41994092;5546997,79444435
7425634,77821636;5539717,96924406
7430959,09453343;5547580,01074736
7424470,74108889;5548433,15903501
7423927,4208553;5547655,70866392
7422237,93679608;5549028,26153009
7424085,13611693;5547528,11233447
7423871,51383489;5547517,1948102
7424264,99167272;5538843,54812601
7422516,3942918;5544101,44847695
7423402,36027367;5549759,49527956
7424154,61440281;5547819,06479659
7424206,04284838;5547622,12070374
7423252,02251513;5548325,47257738
7430259,01018751;5551793,6476406
7423925,93548627;5547549,63498691
7423845,55950789;5547681,53317509
7427235,15967158;5549246,89465475
7424056,08587267;5545505,49754335
7423665,51285186;5547530,85695678
7424553,62468699;5546791,14647926
7423739,93408868;5547579,33010631
7423106,79214509;5549992,27508165
7424806,89475208;5542808,13954003
7424835,73961918;5548455,90969013
7426790,2737556;5550823,13736162
7425737,76025806;5546483,53325254
7429069,55497264;5542614,24441253
7423965,03614748;5547795,01585412
7428620,50919444;5551341,53528057
7423958,44202146;5547426,7913486
7424386,89610963;5546551,00117572
7423958,44202146;5547426,7913486
7424012,54773318;5547015,76699806
7424877,11973893;5545811,60503574
7423854,07209453;5547912,10777007
7430809,00592614;5550314,7385586
7423685,09527766;5548384,18861095
7423939,57878107;5547924,43379543
7426247,11505916;5544461,41936646
7423630,38477929;5546865,91536761
7423085,04884857;5545688,56324976
7423457,75276769;5547865,03991698
7424244,46025194;5546277,1681446
7423924,58984779;5546888,1444403
7423460,32540393;5541901,86493128
7430783,98768872;5550047,44835067
7419278,20135605;5548457,80461309
7424717,87158008;5546542,03691017
7428543,02795339;5549913,01604197
7424509,84039046;5546798,32935338
7423987,73642189;5547784,90407456
7425693,20448736;5541478,81055663
7425536,97273242;5550354,21974604
7422404,20439113;5550194,13801602
7424261,73964221;5548389,43340684
7430242,91685906;5549783,24484147
7423905,49087352;5546486,17205387
7424771,09169261;5548207,66877203
7424529,35389987;5545906,2809132
7430794,58101224;5549461,93066502
7424083,33822059;5547527,58164209
7424521,29808375;5548144,33212875
7424438,26326274;5548425,0188565
7432212,70832682;5547937,60476566
7424380,05456971;5546520,40550787
7424261,73964221;5548389,43340684
7427221,24993463;5543201,45475636
7423188,02015943;5546711,3744369
7424199,56390307;5547668,76671522
7423885,67201055;5547557,66078397
7424602,80033253;5547904,34038074
7424633,51084217;5546560,19616998
7428307,58573232;5542056,57183638
7424432,0233518;5547866,82359964
7422145,41213582;5544965,39626688
7423793,35687991;5547674,70880392
7424261,73964221;5548389,43340684
7426292,03519304;5542530,80281651
7424816,90409868;5541247,09966236
7423211,99331411;5547294,27611533
7423622,79073179;5548064,22533589
7427644,61975312;5548546,70403117
7420626,45120886;5542943,26945774
7424550,25885393;5546477,25931305
7424641,12023795;5546600,6661249
7426995,27047929;5542980,94888023
7422474,26889668;5548956,78243362
7423919,87475719;5547934,45535091
7425287,35713716;5546049,00943027
7422645,10343519;5548914,01684975
7424274,6782634;5546457,52620239
7422317,24918978;5549100,53511436
7424284,43152114;5547850,42342702
7424345,19076019;5539695,88845998
7422252,68197545;5548249,79927733
7423419,06714687;5548532,17952518
7423952,30142385;5545867,89039458
7421549,12908449;5550517,15748807
7424167,16132932;5546086,14278764
7425860,75819196;5547260,85077816
7422404,20369163;5550194,13913859
7425634,77821636;5539717,96924406
7423917,74517214;5547679,52386146
7426707,36770029;5547348,79513228
7423519,95519424;5547940,18465641
7433075,79509152;5551479,64959112
7424380,05456971;5546520,40550787
7424394,57904542;5546799,18564697
7423767,30664461;5547897,96333911
7424498,10491669;5547999,49491792
7425247,25932961;5543719,47900151
7423885,67201055;5547557,66078397
7423919,87474137;5547934,45423872
7421710,40001994;5548233,81520823
7424206,04284838;5547622,12070374
7430475,42051758;5548891,94435483
7424541,72032981;5546802,44503391
7424541,72032981;5546802,44503391
7429606,72383793;5547822,38138586
7421043,74863174;5549028,58538722
7428840,43212872;5549934,82094681
7424363,16702027;5548427,42964158
7419454,66728642;5549652,28531407
7422554,89818676;5548200,49794549
7423246,14941999;5548065,22229954
7424633,4907792;5546040,05502933
7422057,28087731;5545109,97943333
7424023,93285951;5550264,34012253
7424843,70587017;5543844,70514627
7428444,65035281;5550003,27416219
7424261,73964221;5548389,43340684
7423986,07855994;5550252,14227267
7424623,20509238;5547858,27291529
7423925,12060638;5547552,31079074
7424185,40382016;5548142,61144629
7430052,06802577;5550080,21724927
7420491,4589109;5543237,16704081
7420262,40543762;5549983,60529438
7426869,3541232;5550870,15929664
7425138,81423251;5546095,56080017
7430260,03072696;5550892,89339268
7423499,79485779;5547183,80382481
7423806,1722706;5546912,80043121
7424515,57256963;5548520,86680371
7422703,00301342;5549827,51329373
7422799,82475992;5549990,16033734
7424097,67355794;5548164,3428138
7427327,27691768;5548755,91275825
7425634,77821636;5539717,96924406
7424728,27788175;5546552,54623845
7425363,8076042;5545839,44726267
7421804,62972563;5549716,35004135
7425263,89523395;5547093,63089207
7421045,45551069;5549149,32953321
7424550,25886961;5546477,26042524
7429545,06065512;5550895,68678683
7428543,02795339;5549913,01604197
7427675,99869876;5551033,26573495
7427294,76042403;5548440,83214983
7422455,33301727;5546852,32371548
7423805,19596846;5546824,66495673
7422369,74739956;5550522,78464131
7424835,73961918;5548455,90969013
7419586,57614839;5549679,86825219
7424371,19679934;5552863,34067442
7423983,37519958;5547134,0653094
7429690,18698843;5550442,50515976
7425068,63099383;5546216,99681649
7423015,00837036;5548683,40505916
7424795,83532096;5547502,03994906
7422215,35210771;5548922,68769148
7424521,44430092;5546956,10586308
7423470,23515117;5547091,35257411
7424849,45419687;5548525,0075684
7423875,05100164;5548670,6782486
7424784,95949549;5548623,51328169
7423939,57878107;5547924,43379543
7422933,16910012;5545477,86914023
7424541,72032981;5546802,44503391
7424340,72653546;5547826,73251847
7423827,90627815;5544842,21009524
7424550,25886961;5546477,26042524
7425724,49724753;5550028,46078718
7424841,83577921;5547405,75468874
7425664,89115491;5545431,99761369
7423211,99331411;5547294,27611533
7423871,51383489;5547517,1948102
7424226,60499648;5548371,20475989
7424098,30978714;5548340,42801718
7424206,04284838;5547622,12070374
7424261,73964221;5548389,43340684
7424083,33822059;5547527,58164209
7429681,98506966;5551120,52440081
7424402,14521278;5546705,97943535
7423455,15494418;5546231,68640704
7423519,95376235;5547940,18467688
7427973,63140279;5543738,26570017
7423756,47662998;5548020,67405746
7426892,33548261;5550005,81159219
7419710,71726548;5549695,60126988
7421963,25940767;5550544,82505047
7422110,67909673;5548517,02016859
7424374,20596941;5546823,69612371
7425822,30761741;5550220,1591618
7423980,07585029;5547742,75143422
7423847,2933348;5546923,02767939
7423924,58984779;5546888,1444403
7424263,3214073;5548396,11215311
7423859,24908513;5547934,67049072
7428427,9953149;5549991,67574391
7425523,34196899;5547279,0535062
7423976,44727493;5547025,62398129
7430783,98768872;5550047,44835067
7423155,0038337;5546758,68980137
7427953,824859;5545589,38951632
7423901,23753919;5547553,69388297
7423999,68037338;5547894,32993239
7425028,65484781;5548214,58036458
7424476,14513953;5548572,46730408
7423946,27891489;5547128,82461631
7420586,11663886;5549995,09726777
7423958,44202146;5547426,7913486
7431206,65886167;5544760,55944192
7423803,37427611;5547875,88543393
7429376,29380074;5551180,16490952
7425946,53632537;5546405,87403871
7423495,27152916;5547690,56895422
7430794,58101224;5549461,93066502
7425247,64190972;5543206,89142703
7424634,46190746;5546038,97011304
7423449,24346115;5547400,54343834
7425514,21071397;5550579,43630073
7425229,62508874;5552739,99002344
7423806,1722706;5546912,80043121
7429107,38230009;5551533,9146997
7424261,73964221;5548389,43340684
7423806,1722706;5546912,80043121
7423952,30070763;5545867,89040476
7424273,43037981;5545473,24938493
7419141,41496904;5547898,5033202
7423281,66705334;5547311,30660641
7421318,13023858;5549348,86517378
7424486,75131137;5546765,67011767
7423847,2933348;5546923,02767939
7424027,86419035;5547527,035308
7423946,27891489;5547128,82461631
7426618,86478732;5549412,9512769
7431695,84734133;5549459,79870842
7431546,92310764;5551481,98316819
7424633,51084217;5546560,19616998
7428503,13871309;5551168,35979314
7423808,00381073;5547394,00194786
7424889,59898564;5541881,39569999
7425247,25932961;5543719,47900151
7429204,07818924;5549718,68399597
7423486,13975537;5546058,77126284
7424219,97611164;5547643,67087617
7423341,52442708;5547510,68258161
7423741,96124389;5548126,12938729
7429621,4985038;5547999,09451577
7425588,50047994;5545433,05437544
7429531,41827313;5542362,44996656
7423882,57906995;5547481,15442776
7429333,90990979;5541940,32488941
7430391,73757949;5549586,42271056
7419883,64963101;5549855,46678323
7424009,50931252;5549939,0556003
7424056,46466995;5547889,88370661
7421746,09477419;5546823,10946178
7432615,21318041;5551211,31474947
7424150,34074932;5548444,70126727
7424413,93717703;5548182,82340641
7423763,42538133;5548325,83473745
7423493,2540503;5548178,9961816
7429008,05566428;5542159,21241221
7424479,7418509;5546924,0985829
7423907,96921537;5547978,87296572
7442946,03991825;5546961,78499103
7429681,98506966;5551120,52440081
7424056,46466995;5547889,88370661
7424124,49093714;5546534,6149495
7424458,15604258;5546931,0343037
7434621,31704473;5551505,32979964
7423925,12060638;5547552,31079074
7420912,98260219;5548732,87598468
7424323,62149299;5541498,14873548
7424227,68015695;5548243,14917335
7425740,29573467;5545953,96062678
7424051,66912792;5546936,20739509
7425247,64190972;5543206,89142703
7424111,75366363;5546199,600165
7423958,44202146;5547426,7913486
7423473,63939171;5549083,10047248
7428503,95622092;5549273,82113557
7424812,91265817;5548492,4092813
7423340,71990786;5547226,89705584
7424827,26484391;5547861,08928852
7424369,27405229;5546910,46328861
7424829,91518378;5548746,6686047
7424477,07559335;5548101,32774443
7424835,73961918;5548455,90969013
7424232,0212319;5546354,36596836
7430266,2146772;5551776,02352866
7424784,95949549;5548623,51328169
7429689,69313057;5550241,82514604
7422642,99919908;5549646,61981036
7429849,59970173;5550640,6198635
7426655,33176257;5542110,81496776
7423845,39805318;5545302,56211094
7422214,20194559;5548922,37069521
7421941,45491551;5548552,1267428
7432834,13524896;5551394,86438925
7422718,72257855;5547625,32178139
7425138,81423251;5546095,56080017
7424550,25886961;5546477,26042524
7423457,75205173;5547865,03992722
7430111,05283004;5551282,19515265
7425641,52768921;5549207,11447222
7424589,98259186;5545817,66131133
7424086,82852703;5545375,8836999
7424784,95949549;5548623,51328169
7426343,34050852;5542530,60238512
7423929,1129064;5547502,78524867
7428226,86771415;5542265,33302972
7423871,51383489;5547517,1948102
7424512,92442279;5548377,5216458
7423539,00234627;5544979,28336725
7427266,43116619;5548508,67172456
7421695,31869764;5548446,70743198
7422762,89211414;5548967,33891744
7424216,12526821;5549147,00127095
7424729,63281815;5548979,23374677
7424391,42625449;5546479,1871356
7422145,41213582;5544965,39626688
7425901,49915386;5546412,86585007
7425954,81000133;5545244,28485042
7433744,61162871;5546190,27133289
7433083,16552312;5551908,83505577
7425833,53881803;5549652,2240667
7423958,44202146;5547426,7913486
7423512,28333967;5547694,03893337
7424784,95949549;5548623,51328169
7424329,69706978;5547520,41841657
7424379,0929473;5548673,90638185
7425815,6137005;5547329,35836927
7426464,26422766;5542157,96198888
7423269,55753794;5550928,00050798
7423962,69634321;5547892,38482979
7424023,93285951;5550264,34012253
7422512,61632418;5550170,48501615
7424488,89995499;5551191,67287624
7423356,51488993;5540280,9176661
7424578,40072543;5546486,29026629
7424974,07813218;5547350,34762566
7426790,2737556;5550823,13736162
7430266,2146772;5551776,02352866
7427097,16760304;5542455,46855782
7424486,75132706;5546765,67122985
7422900,8206743;5549064,83526656
7424634,46190746;5546038,97011304
7429698,68475814;5551665,22968324
7423958,05043433;5547514,7293957
7424014,57491522;5547886,49501552
7423469,07306373;5547333,0268238
7421147,80031424;5550440,47855551
7432034,29706453;5548194,61471374
7427628,08023035;5543355,9598135
7423946,27891489;5547128,82461631
7424784,95949549;5548623,51328169
7423167,45819402;5546742,78483258
7421073,91034792;5549746,13754826
7427128,60241635;5551472,02112889
7424550,25886961;5546477,26042524
7422957,45049613;5546429,33426253
7426530,73371329;5542151,74428473
7429062,16769922;5550707,47437411
7424784,95949549;5548623,51328169
7427675,9994143;5551033,26572526
7425191,10534219;5546130,99603033
7424023,93285951;5550264,34012253
7431145,69169966;5548963,90856685
7422693,01353027;5550257,77549931
7423847,2933348;5546923,02767939
7424266,09987853;5545453,23861811
7424014,81173287;5547825,67853194
7423947,55797936;5547537,7418509
7424597,66049881;5541805,54145967
7430646,42152219;5550042,1276225
7423535,81962946;5548155,25050638
7419245,47430053;5546742,275282
7421045,45551069;5549149,32953321
7424253,54376764;5546275,79814272
7427423,5701436;5548289,43150558
7429007,44278738;5547515,06227007
7423269,94724132;5546088,01650052
7424226,60499648;5548371,20475989
7424216,12526821;5549147,00127095
7424978,73992672;5545801,07491487
7428029,15069917;5544550,28119355
7424344,95559452;5546320,15940227
7417733,70291389;5550533,91398797
7423929,82422454;5547650,22146593
7424205,28673849;5548147,56244172
7423948,17294675;5547722,05910022
7433302,44461867;5548161,02395371
7422003,54492454;5548951,04017076
7424843,70587017;5543844,70514627
7424020,65885493;5548474,24087291
7427266,43116619;5548508,67172456
7423806,1722706;5546912,80043121
7430120,05686306;5550950,44888032
7424596,59772084;5546509,35871623
7424077,17002404;5547896,50008487
7424133,42721771;5544967,56211772
7424333,90025352;5547954,84480085
7431524,95705409;5549814,70097393
7424010,62516622;5546178,45980378
7424083,33822059;5547527,58164209
7422937,27699082;5550186,08959701
7422925,58455708;5546987,48940076
7423155,0038337;5546758,68980137
7424358,72872038;5547818,57986251
7424083,33822059;5547527,58164209
7424088,67964178;5546864,9354483
7430064,6524703;5551147,90328781
7423982,85251643;5547778,85522637
7422142,9305158;5540344,00978271
7425946,53632537;5546405,87403871
7424640,40613;5541897,52039829
7426664,16733742;5548352,70058609
7424171,5163459;5546584,42827692
7433143,2485207;5551426,90637909
7423978,03332559;5545645,67475032
7424509,72003906;5546739,63285254
7424394,57977723;5546799,18674903
7429047,41334911;5541786,57348564
7423684,8775474;5547109,53401884
7428393,66687908;5545813,47003958
7423886,33509511;5546872,9345151
7423886,43993698;5547498,32625072
7419449,31306155;5548339,9413094
7424633,4907792;5546040,05502933
7431587,54996908;5548332,64441151
7427089,57694383;5549376,36715309
7423965,03614748;5547795,01585412
7423883,4902071;5546434,60451049
7430827,76920398;5550238,08857704
7419337,11978079;5546579,65197939
7428741,42406489;5542700,16287998
7422892,33730219;5548654,26047166
7427044,9748854;5551556,8792374
7422474,26889668;5548956,78243362
7424870,28897687;5548518,55881302
7425902,5738965;5548241,83525621
7423806,1722706;5546912,80043121
7424202,15167813;5547449,06313648
7424835,73961918;5548455,90969013
7423900,99946871;5548654,68405756
7424012,1605684;5547528,34959371
7424831,93233171;5548517,33680758
7423703,61393124;5548148,59068686
7423819,54376244;5547182,91395643
7422701,75347219;5546541,50467349
7423806,1722706;5546912,80043121
7423885,67201055;5547557,66078397
7419600,48707184;5548410,47437196
7424849,45419687;5548525,0075684
7424835,7389033;5548455,90970019
7423630,38477929;5546865,91536761
7423634,1101243;5547208,39500388
7423598,1295291;5547144,25321677
7423758,29386294;5547589,93778342
7427675,9994143;5551033,26572526
7424344,95559452;5546320,15940227
7431901,27390939;5549252,7597807
7424261,73964221;5548389,43340684
7425241,69506078;5547368,87975884
7424495,64071013;5546970,55069869
7427429,35525619;5548635,04896605
7426277,02357128;5549074,74095489
7424529,61205197;5546479,50157857
7423637,21087043;5547256,04305114
7424784,95949549;5548623,51328169
7430831,51555895;5550277,20476433
7420486,83535686;5549499,6507544
7424009,08510861;5547533,41913184
7423536,76086749;5547932,49571497
7429138,19972299;5552018,13430132
7422769,15651849;5549686,23353891
7429895,51975247;5550355,9800095
7424206,67553923;5548165,57822707
7424829,97400011;5542351,25900687
7423882,57906995;5547481,15442776
7423607,10801924;5547160,47075888
7431032,02306883;5549736,48652826
7426511,60352706;5549785,18137261
7426339,07099961;5542063,98266286
7423886,43993698;5547498,32625072
7422041,5406156;5549300,30783579
7425668,49029971;5546397,54879478
7420046,23793748;5550096,80004224
7420871,13590145;5549831,43000991
7424743,88074996;5542399,75743747
7422487,81983271;5548986,26419624
7424633,51084217;5546560,19616998
7429281,11629964;5549636,20886418
7431229,37010529;5549509,20535589
7421710,40001994;5548233,81520823
7422554,82024429;5549043,23040283
7422769,92056655;5550241,22011512
7424258,32578754;5547967,03727026
7423592,9922257;5547898,65367884
7423929,1129064;5547502,78524867
7423849,14119277;5548899,50729659
7424463,19695284;5548587,37509183
7424470,74108889;5548433,15903501
7429617,70779784;5551010,86273042
7426572,16029001;5550172,98490286
7424108,82382771;5547988,27731714
7424054,97659719;5547736,58390224
7433640,36269514;5552434,84530709
7424774,74385179;5547504,62022384
7424043,57648374;5548288,03185468
7424812,91265817;5548492,4092813
7431366,21531737;5549777,3494894
7415170,38538668;5542779,93945073
7424138,86185658;5547817,02106702
7415966,31664683;5545724,49493193
7422927,85693488;5547181,65044635
7423491,39024732;5550393,95654023
7424835,73961918;5548455,90969013
7426683,75006758;5547598,53194454
7433106,94608616;5551404,64719849
7424321,49468604;5547984,29994398
7422829,8457868;5547888,91719643
7423854,07209453;5547912,10777007
7426376,0191717;5548024,99684506
7429795,08920616;5550215,74940856
7421766,77420038;5548972,89814326
7426580,01280577;5542057,74541619
7430826,70609132;5549303,37037908
